--
-- PostgreSQL database dump
--

\restrict HTdznVCNIiOi52scbbPrwea97OpvH8B9LVQX1s50wkCtFW8pAq1zruR0rw3uvWX

-- Dumped from database version 16.10
-- Dumped by pg_dump version 16.10

SET statement_timeout = 0;
SET lock_timeout = 0;
SET idle_in_transaction_session_timeout = 0;
SET client_encoding = 'UTF8';
SET standard_conforming_strings = on;
SELECT pg_catalog.set_config('search_path', '', false);
SET check_function_bodies = false;
SET xmloption = content;
SET client_min_messages = warning;
SET row_security = off;

--
-- Name: pg_trgm; Type: EXTENSION; Schema: -; Owner: -
--

CREATE EXTENSION IF NOT EXISTS pg_trgm WITH SCHEMA public;


--
-- Name: EXTENSION pg_trgm; Type: COMMENT; Schema: -; Owner: 
--

COMMENT ON EXTENSION pg_trgm IS 'text similarity measurement and index searching based on trigrams';


SET default_tablespace = '';

SET default_table_access_method = heap;

--
-- Name: addresses; Type: TABLE; Schema: public; Owner: postgres
--

CREATE TABLE public.addresses (
    id bigint NOT NULL,
    user_id bigint NOT NULL,
    label character varying(255),
    full_name character varying(255),
    phone character varying(255),
    line1 character varying(255) NOT NULL,
    line2 character varying(255),
    city character varying(255),
    state character varying(255),
    postal_code character varying(255),
    country character varying(255),
    latitude double precision,
    longitude double precision,
    is_default boolean DEFAULT false,
    created_at timestamp with time zone DEFAULT now(),
    updated_at timestamp with time zone DEFAULT now()
);


ALTER TABLE public.addresses OWNER TO postgres;

--
-- Name: addresses_id_seq; Type: SEQUENCE; Schema: public; Owner: postgres
--

CREATE SEQUENCE public.addresses_id_seq
    START WITH 1
    INCREMENT BY 1
    NO MINVALUE
    NO MAXVALUE
    CACHE 1;


ALTER SEQUENCE public.addresses_id_seq OWNER TO postgres;

--
-- Name: addresses_id_seq; Type: SEQUENCE OWNED BY; Schema: public; Owner: postgres
--

ALTER SEQUENCE public.addresses_id_seq OWNED BY public.addresses.id;


--
-- Name: cart; Type: TABLE; Schema: public; Owner: postgres
--

CREATE TABLE public.cart (
    id bigint NOT NULL,
    quantity integer,
    username character varying(255) NOT NULL,
    product_id bigint NOT NULL
);


ALTER TABLE public.cart OWNER TO postgres;

--
-- Name: cart_id_seq; Type: SEQUENCE; Schema: public; Owner: postgres
--

ALTER TABLE public.cart ALTER COLUMN id ADD GENERATED BY DEFAULT AS IDENTITY (
    SEQUENCE NAME public.cart_id_seq
    START WITH 1
    INCREMENT BY 1
    NO MINVALUE
    NO MAXVALUE
    CACHE 1
);


--
-- Name: cart_items; Type: TABLE; Schema: public; Owner: postgres
--

CREATE TABLE public.cart_items (
    id bigint NOT NULL,
    quantity integer NOT NULL,
    product_id bigint NOT NULL,
    user_id bigint NOT NULL
);


ALTER TABLE public.cart_items OWNER TO postgres;

--
-- Name: cart_items_id_seq; Type: SEQUENCE; Schema: public; Owner: postgres
--

ALTER TABLE public.cart_items ALTER COLUMN id ADD GENERATED BY DEFAULT AS IDENTITY (
    SEQUENCE NAME public.cart_items_id_seq
    START WITH 1
    INCREMENT BY 1
    NO MINVALUE
    NO MAXVALUE
    CACHE 1
);


--
-- Name: categories; Type: TABLE; Schema: public; Owner: postgres
--

CREATE TABLE public.categories (
    id bigint NOT NULL,
    name character varying(255) NOT NULL,
    slug character varying(255) NOT NULL,
    parent_id bigint DEFAULT 0,
    active boolean DEFAULT true
);


ALTER TABLE public.categories OWNER TO postgres;

--
-- Name: categories_id_seq; Type: SEQUENCE; Schema: public; Owner: postgres
--

CREATE SEQUENCE public.categories_id_seq
    START WITH 1
    INCREMENT BY 1
    NO MINVALUE
    NO MAXVALUE
    CACHE 1;


ALTER SEQUENCE public.categories_id_seq OWNER TO postgres;

--
-- Name: categories_id_seq; Type: SEQUENCE OWNED BY; Schema: public; Owner: postgres
--

ALTER SEQUENCE public.categories_id_seq OWNED BY public.categories.id;


--
-- Name: order_items; Type: TABLE; Schema: public; Owner: postgres
--

CREATE TABLE public.order_items (
    id bigint NOT NULL,
    price double precision NOT NULL,
    quantity integer NOT NULL,
    order_id bigint,
    product_id bigint,
    product_image character varying(255),
    product_name character varying(255)
);


ALTER TABLE public.order_items OWNER TO postgres;

--
-- Name: order_items_id_seq; Type: SEQUENCE; Schema: public; Owner: postgres
--

ALTER TABLE public.order_items ALTER COLUMN id ADD GENERATED BY DEFAULT AS IDENTITY (
    SEQUENCE NAME public.order_items_id_seq
    START WITH 1
    INCREMENT BY 1
    NO MINVALUE
    NO MAXVALUE
    CACHE 1
);


--
-- Name: orders; Type: TABLE; Schema: public; Owner: postgres
--

CREATE TABLE public.orders (
    id bigint NOT NULL,
    created_at timestamp(6) without time zone,
    total_amount double precision,
    user_id bigint,
    city character varying(255),
    country character varying(255),
    delivery_status character varying(255),
    full_name character varying(255),
    grand_total double precision,
    items_total double precision,
    line1 character varying(255),
    line2 character varying(255),
    payment_method character varying(255),
    payment_status character varying(255),
    phone character varying(255),
    postal_code character varying(255),
    shipping_fee double precision,
    state character varying(255),
    tax double precision
);


ALTER TABLE public.orders OWNER TO postgres;

--
-- Name: orders_id_seq; Type: SEQUENCE; Schema: public; Owner: postgres
--

ALTER TABLE public.orders ALTER COLUMN id ADD GENERATED BY DEFAULT AS IDENTITY (
    SEQUENCE NAME public.orders_id_seq
    START WITH 1
    INCREMENT BY 1
    NO MINVALUE
    NO MAXVALUE
    CACHE 1
);


--
-- Name: products; Type: TABLE; Schema: public; Owner: postgres
--

CREATE TABLE public.products (
    id bigint NOT NULL,
    description character varying(255),
    image_url character varying(255),
    name character varying(255),
    price double precision,
    featured boolean,
    active boolean,
    cost_price double precision,
    created_at timestamp(6) with time zone,
    images character varying(255),
    reorder_level integer,
    stock_quantity integer,
    updated_at timestamp(6) with time zone,
    category_id bigint,
    category character varying(255)
);


ALTER TABLE public.products OWNER TO postgres;

--
-- Name: products_id_seq; Type: SEQUENCE; Schema: public; Owner: postgres
--

ALTER TABLE public.products ALTER COLUMN id ADD GENERATED BY DEFAULT AS IDENTITY (
    SEQUENCE NAME public.products_id_seq
    START WITH 1
    INCREMENT BY 1
    NO MINVALUE
    NO MAXVALUE
    CACHE 1
);


--
-- Name: test_table; Type: TABLE; Schema: public; Owner: postgres
--

CREATE TABLE public.test_table (
    id integer NOT NULL,
    name character varying(50)
);


ALTER TABLE public.test_table OWNER TO postgres;

--
-- Name: test_table_id_seq; Type: SEQUENCE; Schema: public; Owner: postgres
--

CREATE SEQUENCE public.test_table_id_seq
    AS integer
    START WITH 1
    INCREMENT BY 1
    NO MINVALUE
    NO MAXVALUE
    CACHE 1;


ALTER SEQUENCE public.test_table_id_seq OWNER TO postgres;

--
-- Name: test_table_id_seq; Type: SEQUENCE OWNED BY; Schema: public; Owner: postgres
--

ALTER SEQUENCE public.test_table_id_seq OWNED BY public.test_table.id;


--
-- Name: users; Type: TABLE; Schema: public; Owner: postgres
--

CREATE TABLE public.users (
    id bigint NOT NULL,
    name character varying(255) NOT NULL,
    role character varying(255),
    email character varying(255) NOT NULL,
    password character varying(255) NOT NULL,
    reset_token character varying(255),
    first_name character varying(255),
    last_name character varying(255),
    phone character varying(255),
    avatar_url character varying(255),
    default_address_id bigint
);


ALTER TABLE public.users OWNER TO postgres;

--
-- Name: users_id_seq; Type: SEQUENCE; Schema: public; Owner: postgres
--

CREATE SEQUENCE public.users_id_seq
    AS integer
    START WITH 1
    INCREMENT BY 1
    NO MINVALUE
    NO MAXVALUE
    CACHE 1;


ALTER SEQUENCE public.users_id_seq OWNER TO postgres;

--
-- Name: users_id_seq; Type: SEQUENCE OWNED BY; Schema: public; Owner: postgres
--

ALTER SEQUENCE public.users_id_seq OWNED BY public.users.id;


--
-- Name: addresses id; Type: DEFAULT; Schema: public; Owner: postgres
--

ALTER TABLE ONLY public.addresses ALTER COLUMN id SET DEFAULT nextval('public.addresses_id_seq'::regclass);


--
-- Name: categories id; Type: DEFAULT; Schema: public; Owner: postgres
--

ALTER TABLE ONLY public.categories ALTER COLUMN id SET DEFAULT nextval('public.categories_id_seq'::regclass);


--
-- Name: test_table id; Type: DEFAULT; Schema: public; Owner: postgres
--

ALTER TABLE ONLY public.test_table ALTER COLUMN id SET DEFAULT nextval('public.test_table_id_seq'::regclass);


--
-- Name: users id; Type: DEFAULT; Schema: public; Owner: postgres
--

ALTER TABLE ONLY public.users ALTER COLUMN id SET DEFAULT nextval('public.users_id_seq'::regclass);


--
-- Data for Name: addresses; Type: TABLE DATA; Schema: public; Owner: postgres
--

COPY public.addresses (id, user_id, label, full_name, phone, line1, line2, city, state, postal_code, country, latitude, longitude, is_default, created_at, updated_at) FROM stdin;
1	20	home	vishwa	9952800915	27c malligai street	sethupathy nagar	sivaganagai	tamilnadu	630611	India	\N	\N	t	2025-11-14 00:52:16.357505+05:30	2025-11-15 14:04:23.32008+05:30
3	20	\N	test	9952800912	addr	add2	chennai	tamilnadu	630611	india	\N	\N	f	2025-11-15 18:50:34.445252+05:30	2025-11-15 18:50:34.445252+05:30
4	10	\N	vishwa	9952800915	addr1	ad	madurai	tamilnadu	630611	india	\N	\N	f	2025-11-16 12:44:55.215649+05:30	2025-12-04 20:50:23.744859+05:30
6	21	\N	t4	9958009	addr	\N	\N	\N	\N	\N	\N	\N	f	2025-12-04 22:58:15.228978+05:30	2025-12-04 22:58:15.228978+05:30
\.


--
-- Data for Name: cart; Type: TABLE DATA; Schema: public; Owner: postgres
--

COPY public.cart (id, quantity, username, product_id) FROM stdin;
\.


--
-- Data for Name: cart_items; Type: TABLE DATA; Schema: public; Owner: postgres
--

COPY public.cart_items (id, quantity, product_id, user_id) FROM stdin;
\.


--
-- Data for Name: categories; Type: TABLE DATA; Schema: public; Owner: postgres
--

COPY public.categories (id, name, slug, parent_id, active) FROM stdin;
3	Health Mix	Health Mix	0	t
4	Nuts	nuts	0	t
2	Oils	oils	0	t
1	Spices	spices	0	t
5	Ghee	ghee	0	f
\.


--
-- Data for Name: order_items; Type: TABLE DATA; Schema: public; Owner: postgres
--

COPY public.order_items (id, price, quantity, order_id, product_id, product_image, product_name) FROM stdin;
1	120	1	1	3	assets/images/spices.jpg	Turmeric Powder
2	120	1	1	2	assets/images/spices.jpg	Turmeric Powder
3	240	2	2	3	assets/images/spices.jpg	Turmeric Powder
4	120	1	3	2	assets/images/spices.jpg	Turmeric Powder
5	120	1	4	2	assets/images/spices.jpg	Turmeric Powder
6	120	1	5	2	assets/images/spices.jpg	Turmeric Powder
7	120	1	6	3	assets/images/spices.jpg	Turmeric Powder
8	120	1	7	2	assets/images/spices.jpg	Turmeric Powder
9	120	1	8	2	assets/images/spices.jpg	Turmeric Powder
10	120	1	9	2	assets/images/spices.jpg	Turmeric Powder
11	120	1	10	3	assets/images/spices.jpg	Turmeric Powder
12	120	1	11	2	\N	Turmeric Powder
13	100	1	12	3	product-3-1763233678843.jpg	Turmeric Powder
14	120	1	13	2	\N	Turmeric Powder
15	100	1	13	3	product-3-1763233678843.jpg	Turmeric Powder
16	120	1	14	2	\N	Turmeric Powder
17	400	1	15	4		Gingelly oil
18	120	1	16	2	\N	Turmeric Powder
19	100	1	16	3	product-3-1763233678843.jpg	Turmeric Powder
20	400	1	17	4		Gingelly oil
21	100	1	18	3	product-3-1763233678843.jpg	Turmeric Powder
22	400	1	18	4		Gingelly oil
23	800	2	19	4		Gingelly oil
24	120	1	20	2	\N	Turmeric Powder
25	400	1	20	4		Gingelly oil
\.


--
-- Data for Name: orders; Type: TABLE DATA; Schema: public; Owner: postgres
--

COPY public.orders (id, created_at, total_amount, user_id, city, country, delivery_status, full_name, grand_total, items_total, line1, line2, payment_method, payment_status, phone, postal_code, shipping_fee, state, tax) FROM stdin;
1	2025-11-15 15:23:29.785745	\N	20	sivaganagai	India	PLACED	vishwa	292	240	27c malligai street	sethupathy nagar	COD	PENDING	9952800915	630611	40	tamilnadu	12
2	2025-11-15 15:35:00.067986	\N	20	sivaganagai	India	PLACED	vishwa	292	240	27c malligai street	sethupathy nagar	COD	PENDING	9952800915	630611	40	tamilnadu	12
3	2025-11-15 16:10:33.665878	\N	20	sivaganagai	India	PLACED	vishwa	166	120	27c malligai street	sethupathy nagar	COD	PENDING	9952800915	630611	40	tamilnadu	6
4	2025-11-15 16:20:22.357539	\N	20	sivaganagai	India	PLACED	vishwa	166	120	27c malligai street	sethupathy nagar	COD	PENDING	9952800915	630611	40	tamilnadu	6
5	2025-11-15 16:26:54.517995	\N	20	sivaganagai	India	PLACED	vishwa	166	120	27c malligai street	sethupathy nagar	COD	PENDING	9952800915	630611	40	tamilnadu	6
6	2025-11-15 16:30:27.583961	\N	20	sivaganagai	India	PLACED	vishwa	166	120	27c malligai street	sethupathy nagar	COD	PENDING	9952800915	630611	40	tamilnadu	6
7	2025-11-15 16:38:12.309689	\N	20	sivaganagai	India	PLACED	vishwa	166	120	27c malligai street	sethupathy nagar	COD	PENDING	9952800915	630611	40	tamilnadu	6
8	2025-11-15 16:39:33.64249	\N	20	sivaganagai	India	PLACED	vishwa	166	120	27c malligai street	sethupathy nagar	COD	PENDING	9952800915	630611	40	tamilnadu	6
9	2025-11-15 16:41:52.809839	\N	20	sivaganagai	India	PLACED	vishwa	166	120	27c malligai street	sethupathy nagar	COD	PENDING	9952800915	630611	40	tamilnadu	6
10	2025-11-15 18:50:40.961941	\N	20	chennai	india	PLACED	test	166	120	addr	add2	COD	PENDING	9952800912	630611	40	tamilnadu	6
11	2025-11-16 12:51:10.380641	\N	10	madurai	india	PLACED	vishwa	166	120	addr	ad	COD	PENDING	9952800915	630611	40	tamilnadu	6
12	2025-11-16 17:27:38.240078	\N	10	madurai	india	PLACED	vishwa	145	100	addr	ad	COD	PENDING	9952800915	630611	40	tamilnadu	5
13	2025-11-16 17:30:58.174527	\N	10	madurai	india	PLACED	vishwa	271	220	addr	ad	COD	PENDING	9952800915	630611	40	tamilnadu	11
14	2025-11-20 22:27:51.376389	\N	10	madurai	india	PLACED	vishwa	166	120	addr	ad	COD	PENDING	9952800915	630611	40	tamilnadu	6
15	2025-11-20 22:28:23.205947	\N	10	madurai	india	PLACED	vishwa	460	400	addr	ad	COD	PENDING	9952800915	630611	40	tamilnadu	20
16	2025-11-20 22:41:47.077026	\N	10	madurai	india	PLACED	vishwa	271	220	addr	ad	COD	PENDING	9952800915	630611	40	tamilnadu	11
17	2025-11-20 22:43:08.839666	\N	10	madurai	india	PLACED	vishwa	460	400	addr	ad	COD	PENDING	9952800915	630611	40	tamilnadu	20
18	2025-12-04 20:51:34.317957	\N	10	madurai	india	PLACED	vishwa	565	500	addr1	ad	COD	PENDING	9952800915	630611	40	tamilnadu	25
19	2025-12-04 22:58:23.516186	\N	21	\N	\N	PLACED	t4	880	800	addr	\N	COD	PENDING	9958009	\N	40	\N	40
20	2025-12-05 00:53:16.254826	\N	10	madurai	india	PLACED	vishwa	586	520	addr1	ad	COD	PENDING	9952800915	630611	40	tamilnadu	26
\.


--
-- Data for Name: products; Type: TABLE DATA; Schema: public; Owner: postgres
--

COPY public.products (id, description, image_url, name, price, featured, active, cost_price, created_at, images, reorder_level, stock_quantity, updated_at, category_id, category) FROM stdin;
4	Best Oil	\N	Gingelly oil	400	t	t	500	2025-11-19 23:36:00.439745+05:30		0	10	2025-12-04 21:55:16.322486+05:30	2	\N
3	Pure organic turmeric from Madurai	assets/images/spices.jpg	Turmeric Powder	100	f	t	\N	\N	product-3-1763233678843.jpg	\N	\N	2025-12-04 21:55:24.700436+05:30	1	\N
2	Pure organic turmeric from Erode	assets/images/spices.jpg	Turmeric Powder	120	f	f	\N	\N	\N	\N	\N	2025-12-04 21:55:30.316189+05:30	1	\N
5	Groundnut oil from madurai	\N	Groundnut oil	200	t	f	200	2025-12-05 00:16:38.093943+05:30		0	10	2025-12-05 00:17:15.599796+05:30	2	\N
\.


--
-- Data for Name: test_table; Type: TABLE DATA; Schema: public; Owner: postgres
--

COPY public.test_table (id, name) FROM stdin;
\.


--
-- Data for Name: users; Type: TABLE DATA; Schema: public; Owner: postgres
--

COPY public.users (id, name, role, email, password, reset_token, first_name, last_name, phone, avatar_url, default_address_id) FROM stdin;
1	Vishwa	admin	vishwasannasi@gmail.com	Password1	\N	\N	\N	\N	\N	\N
3	Admin User	ADMIN	admin@example.com	$2a$10$Dow1l9Kp4wYjT1UuA.2e0uwhTq5n4K5xAfK.Y8ofb9fBbeZCv1m7a	\N	\N	\N	\N	\N	\N
4	Normal User	ROLE_USER	test@example.com	$2a$10$LwL9nby2KUp9rJjPzvVvE.DLqLq5Xz.kbp6SG1C7STx1fZ8hT.Y1u	\N	\N	\N	\N	\N	\N
5	Vishwa	ROLE_USER	vishwa@example.com	$2a$10$xgT//LjCwCvSQL/MaoJKR.0zRtH7WE75dQrgtmPouTZ4TlqMUdDiC	\N	\N	\N	\N	\N	\N
8	Test User	ROLE_USER	user@test.com	$2a$10$N9WjMv4R9cpNp6x7FAYmOeePdvlBNVjfTLZFOrba45moByjd196Cy	\N	\N	\N	\N	\N	\N
14	test11	ROLE_USER	test11@test.com	$2a$10$i.zwlPbnHCC4PcH5D.cr7.x25PymL5CeVImWIBgrUkY7Sf4Whs76i	\N	\N	\N	\N	\N	\N
15	test	ROLE_USER	test111@tt.com	$2a$10$L9AQcyk0JsWiB/XK0N/JO.tJC8.APaAcE8iEYzAvmWwOrFYs7FvLO	\N	\N	\N	\N	\N	\N
16	test	ROLE_USER	test5@tt.com	$2a$10$VPtoCr07Y88XQJvFzeDSKuFsXTTKxws1fotSG9BctdRQb0m05MwZu	\N	\N	\N	\N	\N	\N
18	name	ROLE_USER	name@tt.com	$2a$10$QrZV8tJzAdAPbbcVn6zHFe.eWIoJ.wvrp6K8IQ1mg2i12u77P3eJq	\N	\N	\N	\N	\N	\N
19	vishwa1	ROLE_USER	vishwa1@tt.com	$2a$10$26hMmS6x/M82QfMCL8qQme2e6Pa4AOjVj6wtuhjFkF9tMyg/EAolu	\N	\N	\N	\N	\N	\N
17	test	ROLE_USER	test@tt.com	$2a$10$.dmlH08XVMoyP4MM9D/6YuAcN7z19rj6b5j5ouOjlyq09zIjzOAR6	\N	\N	\N	\N	\N	\N
20	vishwa	ROLE_ADMIN	vishwa2@tt.com	$2a$10$7SB/Kx0/cNzI0E89ghFgCOU1CcZTNM5sk4gcgcvUgVrw5vsTl33B2	\N	vishwaraj	Sannasi	9952800915	\N	1
10	test 1	ROLE_USER	test1@test.com	$2a$10$JOziwRN88uOVfjI7F3dD5eJSiRSptDrYTM0A2vq3cfwOsdZeqv3Pm	\N	vishwa	s	9952800912	\N	\N
21	vishwa new	ROLE_USER	test@123.com	$2a$10$YY3hwfaa0ZBi5II6RelxY.9j.VlDVQSB55/OiI7Rg6L4E0q2.5IOe	\N	\N	\N	\N	\N	\N
\.


--
-- Name: addresses_id_seq; Type: SEQUENCE SET; Schema: public; Owner: postgres
--

SELECT pg_catalog.setval('public.addresses_id_seq', 6, true);


--
-- Name: cart_id_seq; Type: SEQUENCE SET; Schema: public; Owner: postgres
--

SELECT pg_catalog.setval('public.cart_id_seq', 1, false);


--
-- Name: cart_items_id_seq; Type: SEQUENCE SET; Schema: public; Owner: postgres
--

SELECT pg_catalog.setval('public.cart_items_id_seq', 36, true);


--
-- Name: categories_id_seq; Type: SEQUENCE SET; Schema: public; Owner: postgres
--

SELECT pg_catalog.setval('public.categories_id_seq', 5, true);


--
-- Name: order_items_id_seq; Type: SEQUENCE SET; Schema: public; Owner: postgres
--

SELECT pg_catalog.setval('public.order_items_id_seq', 25, true);


--
-- Name: orders_id_seq; Type: SEQUENCE SET; Schema: public; Owner: postgres
--

SELECT pg_catalog.setval('public.orders_id_seq', 20, true);


--
-- Name: products_id_seq; Type: SEQUENCE SET; Schema: public; Owner: postgres
--

SELECT pg_catalog.setval('public.products_id_seq', 5, true);


--
-- Name: test_table_id_seq; Type: SEQUENCE SET; Schema: public; Owner: postgres
--

SELECT pg_catalog.setval('public.test_table_id_seq', 1, false);


--
-- Name: users_id_seq; Type: SEQUENCE SET; Schema: public; Owner: postgres
--

SELECT pg_catalog.setval('public.users_id_seq', 21, true);


--
-- Name: addresses addresses_pkey; Type: CONSTRAINT; Schema: public; Owner: postgres
--

ALTER TABLE ONLY public.addresses
    ADD CONSTRAINT addresses_pkey PRIMARY KEY (id);


--
-- Name: cart_items cart_items_pkey; Type: CONSTRAINT; Schema: public; Owner: postgres
--

ALTER TABLE ONLY public.cart_items
    ADD CONSTRAINT cart_items_pkey PRIMARY KEY (id);


--
-- Name: cart cart_pkey; Type: CONSTRAINT; Schema: public; Owner: postgres
--

ALTER TABLE ONLY public.cart
    ADD CONSTRAINT cart_pkey PRIMARY KEY (id);


--
-- Name: categories categories_name_key; Type: CONSTRAINT; Schema: public; Owner: postgres
--

ALTER TABLE ONLY public.categories
    ADD CONSTRAINT categories_name_key UNIQUE (name);


--
-- Name: categories categories_pkey; Type: CONSTRAINT; Schema: public; Owner: postgres
--

ALTER TABLE ONLY public.categories
    ADD CONSTRAINT categories_pkey PRIMARY KEY (id);


--
-- Name: categories categories_slug_key; Type: CONSTRAINT; Schema: public; Owner: postgres
--

ALTER TABLE ONLY public.categories
    ADD CONSTRAINT categories_slug_key UNIQUE (slug);


--
-- Name: order_items order_items_pkey; Type: CONSTRAINT; Schema: public; Owner: postgres
--

ALTER TABLE ONLY public.order_items
    ADD CONSTRAINT order_items_pkey PRIMARY KEY (id);


--
-- Name: orders orders_pkey; Type: CONSTRAINT; Schema: public; Owner: postgres
--

ALTER TABLE ONLY public.orders
    ADD CONSTRAINT orders_pkey PRIMARY KEY (id);


--
-- Name: products products_pkey; Type: CONSTRAINT; Schema: public; Owner: postgres
--

ALTER TABLE ONLY public.products
    ADD CONSTRAINT products_pkey PRIMARY KEY (id);


--
-- Name: test_table test_table_pkey; Type: CONSTRAINT; Schema: public; Owner: postgres
--

ALTER TABLE ONLY public.test_table
    ADD CONSTRAINT test_table_pkey PRIMARY KEY (id);


--
-- Name: users users_email_unique; Type: CONSTRAINT; Schema: public; Owner: postgres
--

ALTER TABLE ONLY public.users
    ADD CONSTRAINT users_email_unique UNIQUE (email);


--
-- Name: users users_pkey; Type: CONSTRAINT; Schema: public; Owner: postgres
--

ALTER TABLE ONLY public.users
    ADD CONSTRAINT users_pkey PRIMARY KEY (id);


--
-- Name: idx_addresses_user_id; Type: INDEX; Schema: public; Owner: postgres
--

CREATE INDEX idx_addresses_user_id ON public.addresses USING btree (user_id);


--
-- Name: idx_products_description_trgm; Type: INDEX; Schema: public; Owner: postgres
--

CREATE INDEX idx_products_description_trgm ON public.products USING gin (description public.gin_trgm_ops);


--
-- Name: idx_products_name_trgm; Type: INDEX; Schema: public; Owner: postgres
--

CREATE INDEX idx_products_name_trgm ON public.products USING gin (name public.gin_trgm_ops);


--
-- Name: addresses addresses_user_id_fkey; Type: FK CONSTRAINT; Schema: public; Owner: postgres
--

ALTER TABLE ONLY public.addresses
    ADD CONSTRAINT addresses_user_id_fkey FOREIGN KEY (user_id) REFERENCES public.users(id) ON DELETE CASCADE;


--
-- Name: cart_items fk1re40cjegsfvw58xrkdp6bac6; Type: FK CONSTRAINT; Schema: public; Owner: postgres
--

ALTER TABLE ONLY public.cart_items
    ADD CONSTRAINT fk1re40cjegsfvw58xrkdp6bac6 FOREIGN KEY (product_id) REFERENCES public.products(id);


--
-- Name: orders fk32ql8ubntj5uh44ph9659tiih; Type: FK CONSTRAINT; Schema: public; Owner: postgres
--

ALTER TABLE ONLY public.orders
    ADD CONSTRAINT fk32ql8ubntj5uh44ph9659tiih FOREIGN KEY (user_id) REFERENCES public.users(id);


--
-- Name: cart_items fk709eickf3kc0dujx3ub9i7btf; Type: FK CONSTRAINT; Schema: public; Owner: postgres
--

ALTER TABLE ONLY public.cart_items
    ADD CONSTRAINT fk709eickf3kc0dujx3ub9i7btf FOREIGN KEY (user_id) REFERENCES public.users(id);


--
-- Name: products fk_products_category; Type: FK CONSTRAINT; Schema: public; Owner: postgres
--

ALTER TABLE ONLY public.products
    ADD CONSTRAINT fk_products_category FOREIGN KEY (category_id) REFERENCES public.categories(id);


--
-- Name: order_items fkbioxgbv59vetrxe0ejfubep1w; Type: FK CONSTRAINT; Schema: public; Owner: postgres
--

ALTER TABLE ONLY public.order_items
    ADD CONSTRAINT fkbioxgbv59vetrxe0ejfubep1w FOREIGN KEY (order_id) REFERENCES public.orders(id);


--
-- Name: order_items fkocimc7dtr037rh4ls4l95nlfi; Type: FK CONSTRAINT; Schema: public; Owner: postgres
--

ALTER TABLE ONLY public.order_items
    ADD CONSTRAINT fkocimc7dtr037rh4ls4l95nlfi FOREIGN KEY (product_id) REFERENCES public.products(id);


--
-- Name: cart fkpu4bcbluhsxagirmbdn7dilm5; Type: FK CONSTRAINT; Schema: public; Owner: postgres
--

ALTER TABLE ONLY public.cart
    ADD CONSTRAINT fkpu4bcbluhsxagirmbdn7dilm5 FOREIGN KEY (product_id) REFERENCES public.products(id);


--
-- PostgreSQL database dump complete
--

\unrestrict HTdznVCNIiOi52scbbPrwea97OpvH8B9LVQX1s50wkCtFW8pAq1zruR0rw3uvWX

